epoch,step,train/loss_epoch,train/loss_step
0,0,,3.2083842754364014
0,0,3.2083842754364014,
