epoch,step,train/loss_epoch,train/loss_step
0,0,,1.3200347423553467
0,0,1.3200347423553467,
